product_id,description,size,weight,price,time
1,Synchronized solution-oriented concept,XXL,45.93,2998.73,2021-06-16
2,Self-enabling fault-tolerant success,XL,1.07,4646.2,2024-09-11
3,Focused interactive projection,L,12.05,1211.95,2021-08-27
4,Cross-platform 24hour data-warehouse,XXL,47.35,437.41,2023-08-02
5,De-engineered optimizing definition,XL,40.82,4890.14,2023-10-19
6,Organic 24/7 access,XXL,38.32,650.67,2024-09-04
7,Decentralized interactive solution,XL,47.35,833.98,2021-11-10
8,Compatible discrete info-mediaries,XXL,43.63,2121.46,2021-08-24
9,Customer-focused bi-directional functionalities,M,46.45,3778.77,2023-01-14
10,Innovative client-driven implementation,Freesize,10.14,1565.46,2025-01-25
11,Versatile client-driven project,Freesize,32.53,2196.12,2026-03-02
12,Digitized asymmetric moderator,XXL,22.63,1247.05,2024-01-07
13,Seamless solution-oriented concept,S,16.97,2945.66,2023-05-27
14,Up-sized didactic product,M,29.46,45.88,2024-12-10
15,Open-source reciprocal software,Freesize,31.59,1152.42,2023-05-31
16,Extended background attitude,S,43.0,363.58,2021-11-24
17,Decentralized optimizing superstructure,M,14.0,2432.22,2023-02-13
18,Optimized foreground utilization,XXL,6.7,4678.22,2021-11-24
19,Grass-roots secondary artificial intelligence,XXL,28.85,1222.56,2022-06-10
20,Right-sized radical success,XL,40.39,960.15,2024-03-28
21,Vision-oriented system-worthy algorithm,S,32.98,1777.94,2025-06-10
22,Switchable exuding database,XL,23.4,3648.09,2023-10-15
23,Profound content-based synergy,Freesize,32.71,3234.44,2023-02-27
24,Stand-alone actuating toolset,S,20.19,1703.12,2025-09-09
25,Front-line modular info-mediaries,S,12.51,959.14,2021-10-05
26,Proactive scalable policy,XL,7.1,925.61,2021-07-21
27,Advanced high-level functionalities,XL,12.57,4617.1,2021-11-10
28,Re-contextualized intangible hierarchy,XL,40.42,4281.27,2023-12-07
29,Enhanced well-modulated leverage,S,2.62,4996.42,2025-12-21
30,Visionary asynchronous adapter,S,48.45,4632.57,2024-02-20
31,Advanced empowering data-warehouse,M,8.4,2433.35,2021-05-25
32,Centralized hybrid middleware,M,43.25,4513.19,2022-08-19
33,Universal motivating throughput,M,19.01,4926.69,2023-04-11
34,Total impactful artificial intelligence,L,46.33,3927.8,2024-05-27
35,Public-key reciprocal collaboration,L,21.21,4787.02,2022-08-02
36,Integrated attitude-oriented migration,XXL,33.13,2438.49,2025-10-21
37,Distributed national Graphic Interface,M,14.91,4843.86,2023-02-25
38,Sharable well-modulated projection,XXL,36.81,314.18,2024-08-09
39,Cloned fault-tolerant standardization,L,2.95,2925.05,2023-05-22
40,Front-line analyzing encryption,XXL,45.98,2660.32,2021-08-18
41,Optional bifurcated knowledgebase,S,48.04,409.76,2024-04-05
42,Centralized fault-tolerant secured line,M,3.52,349.12,2024-11-28
43,User-centric context-sensitive capability,M,20.25,4708.56,2021-04-06
44,Devolved tangible access,XXL,12.39,2976.65,2022-01-07
45,Monitored multi-state model,XXL,4.19,3290.29,2025-02-11
46,Up-sized empowering concept,XXL,26.19,4674.18,2023-01-22
47,User-friendly zero-defect flexibility,M,33.52,1577.78,2024-11-12
48,Decentralized zero administration algorithm,L,19.85,3361.73,2022-11-16
49,Optimized encompassing moderator,L,22.92,4645.8,2021-07-08
50,Universal object-oriented product,S,0.56,3109.58,2021-08-01
51,Persevering multimedia hierarchy,XXL,49.81,375.57,2021-06-23
52,Re-contextualized composite hub,M,25.34,670.96,2021-12-26
53,Visionary bi-directional orchestration,L,44.06,4397.56,2024-07-27
54,Customizable discrete support,L,14.32,2196.54,2023-09-29
55,Balanced 24/7 encryption,XXL,35.21,3062.27,2021-06-06
56,Multi-lateral human-resource collaboration,Freesize,26.49,3342.64,2022-02-03
57,Automated neutral website,XXL,15.04,3320.31,2025-10-08
58,User-centric solution-oriented instruction set,M,13.3,4449.67,2022-04-28
59,Fully-configurable intangible success,Freesize,27.71,1369.02,2022-10-19
60,Compatible object-oriented hub,XXL,10.61,1720.97,2021-10-18
61,Synergistic actuating conglomeration,Freesize,31.75,1327.28,2022-04-25
62,Programmable 6thgeneration initiative,XL,12.63,4541.71,2021-07-17
63,Persistent executive time-frame,S,4.71,2123.64,2025-06-04
64,Inverse background neural-net,L,2.3,1674.45,2023-06-26
65,Multi-layered dedicated frame,M,31.89,1317.16,2024-01-08
66,Innovative user-facing process improvement,Freesize,22.15,3531.28,2022-05-31
67,Multi-layered optimizing methodology,XXL,0.58,385.47,2026-03-10
68,Vision-oriented dedicated superstructure,Freesize,45.21,2732.5,2025-09-14
69,Virtual dynamic collaboration,L,29.17,748.99,2021-03-25
70,Open-source 4thgeneration emulation,M,2.19,1829.61,2023-11-28
71,Sharable system-worthy access,S,44.96,1058.28,2025-12-15
72,Adaptive well-modulated protocol,M,33.38,1774.86,2023-01-30
73,User-centric upward-trending function,XXL,44.22,2037.82,2021-09-19
74,Progressive disintermediate instruction set,XXL,37.5,4629.56,2023-08-29
75,Centralized client-server structure,M,43.24,4881.27,2022-08-07
76,Balanced discrete model,M,44.08,133.68,2023-04-07
77,Multi-layered logistical synergy,Freesize,46.23,3914.11,2021-08-16
78,Cross-platform motivating challenge,XL,40.13,4321.68,2024-05-21
79,Object-based asynchronous parallelism,M,13.41,3939.0,2024-01-15
80,Optional stable capacity,S,19.19,203.24,2022-05-20
81,Fundamental foreground website,XL,11.2,4084.77,2023-03-01
82,User-centric fresh-thinking functionalities,XL,17.55,4104.48,2023-06-19
83,Focused asynchronous customer loyalty,M,11.22,3303.57,2021-11-17
84,Visionary optimal benchmark,XL,16.48,4323.12,2021-12-22
85,Down-sized local Local Area Network,L,17.62,2551.93,2022-10-08
86,Decentralized national help-desk,Freesize,49.06,2685.72,2026-01-09
87,Expanded local function,S,5.86,4852.3,2023-07-08
88,Decentralized background complexity,M,29.07,4917.92,2025-03-28
89,Innovative tertiary standardization,S,5.51,2178.47,2024-03-20
90,Extended fresh-thinking circuit,Freesize,39.34,2187.61,2021-08-27
91,Fully-configurable heuristic infrastructure,XXL,5.87,4498.53,2023-10-08
92,Synergistic exuding firmware,M,12.81,3546.84,2025-04-20
93,Enhanced 4thgeneration initiative,S,26.04,4034.49,2025-06-22
94,Realigned value-added neural-net,Freesize,36.0,3712.33,2022-06-13
95,Persistent bi-directional website,Freesize,9.93,2162.17,2025-03-03
96,Decentralized 24/7 approach,Freesize,46.05,3119.55,2025-05-09
97,Face-to-face clear-thinking customer loyalty,Freesize,42.42,3601.57,2025-04-26
98,Multi-layered systemic product,L,25.41,3337.8,2025-11-20
99,Configurable optimal parallelism,L,20.18,1485.32,2022-06-29
100,Compatible 3rdgeneration architecture,M,9.67,3328.0,2022-03-10
101,Stand-alone leadingedge workforce,XL,33.9,4515.0,2021-11-04
102,Managed bottom-line analyzer,XXL,28.5,2036.32,2025-11-29
103,Business-focused composite orchestration,S,15.26,1058.81,2023-05-14
104,Up-sized hybrid methodology,XXL,30.37,1618.02,2021-05-06
105,Synergized interactive conglomeration,XL,22.16,1076.37,2022-12-20
106,Enterprise-wide even-keeled focus group,XL,39.71,4799.56,2023-06-06
107,Distributed 5thgeneration pricing structure,Freesize,8.57,433.13,2024-04-18
108,Fully-configurable secondary frame,XXL,33.23,3100.11,2023-09-11
109,Reactive mission-critical approach,S,40.94,3758.18,2021-08-21
110,Networked client-driven instruction set,Freesize,15.59,4034.75,2022-03-13
111,Progressive dynamic product,M,1.32,1231.76,2026-03-04
112,Quality-focused 3rdgeneration implementation,XL,30.6,3844.76,2025-02-09
113,Multi-channeled mission-critical moratorium,XL,20.78,3152.53,2025-02-08
114,Monitored non-volatile middleware,M,35.95,1926.05,2022-10-22
115,Future-proofed contextually-based algorithm,XL,12.27,3283.73,2022-10-17
116,Face-to-face 4thgeneration workforce,S,44.64,4303.6,2025-02-03
117,Centralized methodical moderator,S,38.94,1102.02,2022-12-27
118,Reduced discrete complexity,Freesize,25.95,260.59,2021-09-12
119,Switchable disintermediate flexibility,M,45.88,615.58,2023-11-14
120,User-centric analyzing task-force,M,40.09,3341.21,2026-03-08
121,Face-to-face object-oriented website,XXL,29.81,4750.7,2023-02-21
122,Enhanced context-sensitive encoding,XL,30.67,3599.18,2024-02-29
123,User-centric tangible help-desk,XXL,21.39,4535.21,2025-10-08
124,Assimilated tertiary standardization,XL,44.87,3720.84,2022-12-16
125,Re-contextualized non-volatile circuit,XL,22.56,3761.37,2024-01-06
126,Ergonomic modular moratorium,Freesize,13.94,3890.6,2022-09-29
127,Pre-emptive 5thgeneration array,XL,31.37,1380.24,2021-06-24
128,Robust directional adapter,S,35.71,1180.12,2023-10-31
129,Adaptive full-range pricing structure,L,16.05,2705.36,2022-03-17
130,De-engineered global structure,M,7.63,1921.35,2022-02-01
131,Inverse analyzing adapter,M,35.35,330.5,2021-12-08
132,Triple-buffered client-server time-frame,XL,16.61,2334.96,2021-10-02
133,Progressive high-level archive,S,10.42,2106.52,2023-01-25
134,Switchable hybrid parallelism,XXL,47.31,107.46,2021-09-14
135,Innovative fresh-thinking challenge,XXL,19.08,39.42,2026-01-29
136,Upgradable intermediate utilization,L,15.0,1956.03,2024-05-24
137,Pre-emptive solution-oriented functionalities,XL,26.96,3675.82,2022-01-26
138,Realigned system-worthy pricing structure,XXL,44.9,2446.27,2025-02-18
139,Face-to-face static parallelism,L,21.85,154.83,2025-04-10
140,Multi-tiered fault-tolerant superstructure,L,33.48,3992.73,2024-08-22
141,De-engineered context-sensitive superstructure,Freesize,8.34,2342.28,2021-03-17
142,Total object-oriented infrastructure,M,49.04,2675.28,2025-06-15
143,Visionary non-volatile alliance,XL,29.64,3318.37,2022-02-09
144,Intuitive reciprocal definition,S,32.17,687.14,2024-05-25
145,Customer-focused modular circuit,XL,9.17,1308.18,2022-11-09
146,Compatible disintermediate hardware,L,10.66,1640.96,2026-02-10
147,Down-sized scalable array,XL,13.99,4756.51,2025-04-23
148,Synchronized scalable superstructure,XL,12.69,418.71,2025-08-19
149,Organized 24/7 firmware,S,37.48,269.91,2022-04-01
150,Team-oriented asymmetric hardware,L,11.29,352.41,2022-06-25
151,Customer-focused uniform ability,Freesize,2.11,164.84,2021-06-09
152,Organic upward-trending instruction set,M,10.05,111.7,2026-01-17
153,Open-source modular implementation,M,12.0,2373.07,2022-12-15
154,Multi-tiered bandwidth-monitored matrices,S,28.24,1097.64,2025-02-22
155,Re-engineered solution-oriented task-force,Freesize,12.89,1850.79,2024-08-20
156,Diverse local archive,XXL,30.4,3742.15,2025-03-13
157,Automated explicit adapter,S,38.91,827.19,2022-10-17
158,Customer-focused asynchronous Graphical User Interface,L,5.49,138.14,2022-01-18
159,Multi-tiered cohesive superstructure,L,28.83,4541.05,2021-07-29
160,Cross-group global policy,XL,19.89,3577.92,2026-02-16
161,Polarized tertiary algorithm,S,29.65,4154.55,2023-05-11
162,Streamlined composite portal,M,5.18,3864.68,2025-08-25
163,Diverse actuating attitude,Freesize,30.06,614.06,2022-11-08
164,Ergonomic incremental standardization,XXL,39.15,1742.55,2023-12-21
165,Upgradable needs-based firmware,XL,33.11,354.09,2024-07-02
166,Innovative disintermediate attitude,Freesize,17.13,4249.38,2021-06-12
167,Re-engineered neutral matrix,XL,5.37,4804.33,2021-12-19
168,Multi-lateral 24hour interface,Freesize,44.59,2304.1,2021-08-21
169,Switchable responsive policy,M,21.83,3671.64,2023-08-08
170,Cross-platform 4thgeneration database,Freesize,13.58,4042.91,2022-01-20
171,Implemented attitude-oriented leverage,XXL,38.75,2329.72,2025-06-02
172,Integrated zero tolerance infrastructure,Freesize,29.66,1618.3,2023-07-22
173,Switchable empowering array,M,41.55,442.45,2024-05-29
174,Networked contextually-based hub,XL,12.27,2328.9,2025-08-17
175,Multi-layered contextually-based knowledge user,XXL,33.44,1688.62,2021-06-03
176,Organic maximized firmware,XL,42.56,917.38,2022-05-01
177,Future-proofed non-volatile approach,M,17.81,1299.18,2021-12-15
178,Total static attitude,L,44.03,3508.91,2021-08-17
179,Monitored needs-based installation,L,27.83,2587.97,2026-01-20
180,Reverse-engineered discrete neural-net,M,4.37,3603.17,2021-07-03
181,Networked multi-state instruction set,XL,27.8,1209.22,2026-01-11
182,Synergized methodical orchestration,XL,32.33,2459.2,2025-08-10
183,Phased exuding artificial intelligence,S,4.74,1115.77,2023-03-05
184,Universal 5thgeneration middleware,Freesize,12.24,3323.16,2024-01-21
185,Programmable object-oriented service-desk,L,23.72,2659.3,2026-02-11
186,Digitized bottom-line system engine,XL,49.83,2756.44,2023-06-12
187,Down-sized didactic workforce,L,35.17,1361.87,2022-03-01
188,Balanced interactive artificial intelligence,L,11.6,3609.21,2026-02-21
189,Optional dedicated product,L,6.07,2683.96,2021-12-09
190,Right-sized empowering functionalities,Freesize,9.34,1089.76,2025-10-03
191,Cloned background info-mediaries,XL,13.9,2952.04,2023-12-25
192,Reactive fresh-thinking focus group,XXL,29.88,4902.75,2023-10-19
193,Advanced zero tolerance standardization,M,14.88,1810.8,2024-04-25
194,Programmable zero tolerance instruction set,L,0.81,2675.33,2021-10-05
195,Distributed client-server open system,L,2.37,282.08,2024-02-21
196,Virtual bandwidth-monitored benchmark,L,34.9,640.13,2024-01-06
197,Cross-platform zero tolerance forecast,XL,5.22,71.2,2025-07-15
198,Monitored incremental firmware,L,23.52,2207.94,2023-02-11
199,Pre-emptive object-oriented portal,M,48.28,1269.87,2023-07-26
200,Enhanced even-keeled initiative,XL,5.79,336.06,2021-12-01
201,Robust systemic solution,XL,3.8,3150.93,2023-03-17
202,Object-based full-range solution,S,7.67,4057.6,2022-05-22
203,User-friendly methodical flexibility,L,4.35,1248.47,2025-09-07
204,Ameliorated global utilization,XXL,38.25,3035.53,2022-09-18
205,Grass-roots mobile standardization,XXL,11.36,2617.64,2024-08-16
206,Focused client-driven framework,XL,45.43,1493.79,2026-01-26
207,Organic zero-defect Graphic Interface,XXL,49.5,1533.85,2022-07-19
208,Operative real-time project,XXL,3.11,4800.94,2021-08-24
209,Organic didactic installation,S,47.38,1046.86,2024-11-26
210,Virtual multi-state hub,M,13.31,415.13,2025-04-21
211,Profound cohesive architecture,M,8.77,384.57,2022-10-03
212,Profit-focused impactful challenge,S,20.49,3449.96,2025-02-07
213,Progressive non-volatile algorithm,XL,14.63,1165.07,2022-01-25
214,Exclusive analyzing encryption,Freesize,14.21,4299.44,2021-05-13
215,Business-focused high-level strategy,S,34.4,4620.32,2022-03-12
216,Multi-layered maximized middleware,Freesize,29.53,4021.49,2023-03-09
217,Decentralized systemic algorithm,M,21.31,2727.37,2022-05-30
218,Pre-emptive radical knowledge user,Freesize,7.53,1335.51,2022-02-01
219,Phased optimizing neural-net,M,3.66,837.95,2022-12-13
220,Diverse empowering synergy,L,29.79,4122.96,2025-05-09
221,Cross-group executive algorithm,L,22.01,2348.8,2023-02-18
222,Diverse object-oriented time-frame,L,35.02,4713.95,2026-01-09
223,Face-to-face secondary definition,XXL,27.05,2194.42,2024-08-03
224,Future-proofed solution-oriented installation,XXL,2.09,2165.82,2023-10-07
225,Vision-oriented zero administration software,L,30.23,139.07,2021-03-30
226,De-engineered secondary conglomeration,M,48.1,4181.43,2024-03-16
227,Advanced directional extranet,XXL,29.4,113.52,2024-03-29
228,Integrated transitional strategy,Freesize,41.09,2885.47,2024-05-31
229,Optimized homogeneous hardware,M,23.58,3261.03,2023-06-30
230,Extended maximized framework,L,9.16,2930.79,2024-08-02
231,Secured hybrid paradigm,Freesize,40.73,4845.59,2021-09-16
232,Profound stable hub,XL,17.46,1673.21,2024-01-03
233,Right-sized real-time forecast,Freesize,5.32,812.52,2022-09-10
234,Customer-focused mission-critical architecture,XL,34.71,1448.21,2022-11-18
235,Grass-roots scalable Graphic Interface,XL,40.7,2754.98,2025-07-04
236,Fundamental solution-oriented structure,XL,4.49,1269.47,2025-12-17
237,Streamlined exuding core,S,48.51,2026.83,2021-12-12
238,Virtual disintermediate approach,XXL,41.26,15.74,2025-03-24
239,Right-sized impactful protocol,XXL,23.15,280.48,2022-10-18
240,Devolved uniform algorithm,XXL,18.15,3784.65,2024-06-23
241,Implemented empowering instruction set,Freesize,22.16,267.54,2023-03-23
242,User-centric 5thgeneration paradigm,L,27.51,4639.09,2024-09-27
243,Re-engineered content-based Graphical User Interface,XL,44.05,2428.71,2024-10-31
244,Face-to-face systemic monitoring,S,48.66,3048.27,2024-05-23
245,Phased static help-desk,M,35.52,1560.64,2023-09-26
246,Down-sized stable open architecture,S,27.66,475.11,2022-02-07
247,Cross-platform methodical capacity,S,23.13,596.16,2024-11-26
248,Up-sized next generation task-force,M,24.97,3585.85,2025-10-06
249,Synergized full-range projection,XXL,35.3,2083.3,2021-08-24
250,Multi-channeled directional synergy,XL,49.01,1226.22,2025-07-23
251,Operative zero tolerance groupware,XXL,7.32,961.15,2023-01-22
252,Reduced explicit Local Area Network,XXL,25.46,4397.84,2025-06-16
253,Phased actuating productivity,S,13.88,3952.13,2024-02-13
254,Secured asynchronous leverage,XL,17.06,3940.71,2025-08-24
255,Profit-focused bottom-line software,L,41.05,1421.37,2023-02-09
256,Innovative incremental application,L,41.89,2903.82,2025-07-22
257,Distributed client-driven customer loyalty,Freesize,24.53,751.49,2022-11-30
258,Re-contextualized logistical circuit,XXL,24.27,1668.88,2022-10-13
259,Universal contextually-based time-frame,XXL,18.92,4664.93,2021-08-08
260,Managed responsive conglomeration,M,49.04,1201.64,2022-10-07
261,Centralized 24hour knowledge user,XL,11.75,3879.97,2022-07-26
262,Virtual zero-defect concept,S,15.98,2370.15,2024-01-30
263,Diverse mobile toolset,XL,19.37,3321.81,2025-01-07
264,Cross-group clear-thinking pricing structure,Freesize,49.04,2481.69,2023-05-15
265,Optimized impactful interface,S,6.4,4827.11,2026-01-10
266,Networked 24hour alliance,L,43.5,4372.21,2023-11-14
267,Upgradable holistic access,XL,5.08,4553.1,2025-08-29
268,Versatile multi-tasking core,S,36.15,2055.79,2021-04-15
269,Adaptive responsive superstructure,Freesize,48.5,383.39,2022-06-11
270,Team-oriented grid-enabled function,L,16.99,3466.6,2021-11-04
271,Networked motivating parallelism,Freesize,4.11,1649.54,2022-09-24
272,Cloned 6thgeneration framework,Freesize,42.98,1906.25,2025-12-10
273,Persevering upward-trending model,L,31.38,4438.32,2024-03-07
274,Mandatory intermediate software,XL,43.63,189.14,2026-03-06
275,Mandatory mobile help-desk,S,11.82,3425.15,2024-12-13
276,Down-sized impactful adapter,L,49.87,3736.36,2022-05-05
277,Upgradable clear-thinking data-warehouse,XL,48.92,3804.24,2024-11-14
278,Reverse-engineered motivating concept,Freesize,43.64,2223.96,2021-10-25
279,Universal solution-oriented utilization,Freesize,15.04,154.45,2021-05-21
280,Sharable eco-centric throughput,L,39.83,1473.91,2023-11-15
281,Business-focused radical application,L,21.59,1228.55,2024-07-05
282,Streamlined 3rdgeneration application,XL,28.34,3964.67,2024-08-25
283,Operative leadingedge implementation,M,8.84,3051.36,2021-10-25
284,Function-based methodical standardization,XL,31.02,1211.74,2021-12-18
285,Team-oriented systemic product,XXL,7.24,2311.14,2021-03-30
286,Operative stable attitude,L,23.03,3337.54,2024-07-06
287,Future-proofed regional portal,XL,45.07,3391.28,2024-09-14
288,Operative bi-directional migration,M,3.79,4726.73,2024-10-17
289,Decentralized executive budgetary management,XXL,15.03,4810.53,2025-02-14
290,Proactive dedicated portal,Freesize,12.58,4228.07,2022-03-13
291,Fundamental multi-state customer loyalty,M,49.97,4268.14,2022-12-27
292,Open-source explicit complexity,S,11.94,2863.89,2021-05-24
293,Proactive demand-driven solution,XXL,14.86,3499.4,2025-11-12
294,Managed disintermediate ability,S,48.9,3294.57,2021-04-06
295,Cross-group bifurcated orchestration,L,0.5,4326.69,2024-07-18
296,Distributed background time-frame,Freesize,48.68,4553.98,2023-10-04
297,Up-sized uniform attitude,Freesize,24.89,4521.73,2025-09-22
298,Stand-alone discrete knowledgebase,L,38.81,1158.29,2026-02-22
299,Implemented empowering Local Area Network,L,11.03,958.76,2021-06-13
300,Enhanced 6thgeneration frame,L,33.92,3607.43,2023-01-01
301,Synergistic foreground interface,Freesize,34.07,692.53,2024-11-22
302,Cross-platform well-modulated analyzer,S,45.18,3235.24,2021-03-31
303,Devolved stable project,L,39.45,176.49,2022-01-19
304,Multi-channeled leadingedge process improvement,L,36.64,459.77,2022-07-17
305,Upgradable background hub,L,16.4,2083.36,2025-04-10
306,Enterprise-wide bifurcated initiative,M,6.69,2701.64,2023-03-15
307,Persevering encompassing info-mediaries,L,26.59,4568.3,2024-08-25
308,Polarized intangible projection,M,12.92,4125.2,2025-08-18
309,Down-sized bifurcated capacity,XL,48.37,1482.76,2024-09-05
310,Centralized cohesive benchmark,L,40.23,2346.97,2023-04-13
311,Reverse-engineered mission-critical website,S,7.12,4832.84,2024-01-17
312,Organic contextually-based pricing structure,Freesize,36.24,4899.91,2023-02-05
313,Multi-channeled reciprocal algorithm,XXL,18.35,3955.5,2025-07-06
314,Upgradable clear-thinking matrices,S,13.3,626.71,2025-10-20
315,Customizable incremental intranet,L,33.67,3364.98,2021-06-05
316,Fundamental solution-oriented functionalities,XXL,19.11,3196.36,2021-04-05
317,Synergistic multi-tasking throughput,L,5.51,1176.77,2024-12-01
318,Up-sized non-volatile definition,S,31.02,4716.41,2026-02-02
319,Synchronized global model,L,45.77,1114.62,2023-10-25
320,Total regional attitude,S,31.81,2326.7,2023-05-13
321,Upgradable dynamic matrices,Freesize,15.18,2047.4,2022-12-05
322,Synergistic secondary info-mediaries,M,2.36,195.69,2021-12-10
323,Realigned reciprocal application,XL,5.89,1181.65,2021-04-04
324,Diverse motivating leverage,XXL,6.87,2273.68,2025-06-17
325,Down-sized asynchronous system engine,Freesize,47.47,3485.46,2023-08-29
326,Front-line full-range focus group,XXL,21.01,3713.92,2021-06-13
327,Face-to-face neutral project,M,44.28,3278.06,2023-02-03
328,Front-line attitude-oriented knowledgebase,XL,30.82,4695.87,2023-06-03
329,Re-engineered local array,L,1.73,1858.94,2025-06-25
330,Organized foreground capability,XL,22.29,1188.2,2026-02-07
331,User-friendly solution-oriented adapter,L,5.06,3431.54,2021-09-17
332,Open-source 5thgeneration open architecture,XXL,45.09,3227.69,2023-12-12
333,Cross-group real-time process improvement,S,19.97,957.14,2024-05-21
334,Profound next generation database,S,47.46,4122.71,2024-06-21
335,Persevering global hierarchy,S,33.17,3212.11,2025-04-29
336,Face-to-face logistical groupware,XXL,48.56,262.39,2024-01-01
337,Secured radical leverage,L,12.25,638.36,2024-10-13
338,Multi-lateral transitional knowledge user,XXL,10.34,4150.79,2021-10-08
339,Virtual stable definition,XXL,10.44,1087.6,2021-03-18
340,Multi-channeled scalable website,M,16.5,746.3,2022-08-29
341,Programmable holistic standardization,XXL,0.24,4293.45,2021-09-24
342,Down-sized modular challenge,M,49.38,2705.68,2025-04-23
343,User-friendly uniform installation,M,5.59,4333.57,2021-09-25
344,Seamless dedicated core,M,0.84,3952.02,2021-10-20
345,Object-based didactic knowledgebase,M,29.48,88.75,2025-04-28
346,Ergonomic transitional Graphical User Interface,L,2.71,3711.17,2021-09-26
347,Operative 6thgeneration productivity,XXL,5.77,327.15,2025-05-22
348,Reverse-engineered bottom-line throughput,XL,38.92,2571.06,2025-08-29
349,Persevering stable parallelism,S,22.66,1115.53,2025-12-24
350,Devolved modular ability,XXL,2.26,3918.3,2023-11-07
351,Business-focused neutral Internet solution,Freesize,26.12,2295.63,2025-05-24
352,Polarized multimedia time-frame,S,3.14,2400.12,2025-10-21
353,Enhanced system-worthy paradigm,XL,21.37,548.73,2022-01-25
354,De-engineered bi-directional info-mediaries,Freesize,45.49,376.72,2024-06-27
355,Robust fresh-thinking middleware,S,16.17,750.19,2025-08-10
356,Operative real-time solution,M,13.82,3169.05,2025-01-04
357,Grass-roots hybrid Graphical User Interface,XXL,35.64,1910.71,2026-01-20
358,Organized client-driven challenge,XXL,26.57,2274.04,2023-04-07
359,Total value-added migration,XXL,21.57,3967.55,2022-09-11
360,Total neutral functionalities,S,42.65,3258.07,2024-10-04
361,Reactive responsive data-warehouse,XXL,36.07,1082.97,2022-03-16
362,Secured transitional frame,XL,44.42,2074.93,2024-08-19
363,Synergistic clear-thinking strategy,XL,20.0,3650.77,2024-06-13
364,Enhanced motivating moratorium,L,21.4,3328.89,2024-09-02
365,Inverse tertiary budgetary management,L,47.68,3437.24,2025-01-01
366,Realigned mission-critical paradigm,XL,3.45,4160.54,2024-01-20
367,Synchronized tertiary instruction set,S,21.65,3725.5,2024-07-27
368,Public-key executive interface,L,40.61,2786.29,2025-03-29
369,Programmable bi-directional algorithm,XXL,47.84,2812.8,2023-02-07
370,Business-focused static approach,Freesize,6.2,1774.45,2022-03-14
371,Versatile zero tolerance complexity,Freesize,47.06,2120.45,2026-02-12
372,Synergized eco-centric circuit,Freesize,2.67,1445.27,2025-05-25
373,Team-oriented zero tolerance frame,L,17.65,2893.81,2022-03-21
374,Quality-focused 5thgeneration help-desk,M,7.82,2416.13,2025-04-09
375,Customer-focused reciprocal service-desk,S,17.57,2785.76,2024-11-24
376,Face-to-face value-added project,S,38.15,2874.76,2024-01-03
377,Front-line multimedia toolset,XL,42.27,4872.99,2025-03-08
378,Total executive solution,XXL,30.72,3217.07,2024-07-10
379,Multi-tiered human-resource instruction set,S,30.49,3292.58,2025-12-25
380,Synergized foreground neural-net,Freesize,13.45,910.28,2021-06-20
381,User-friendly eco-centric customer loyalty,Freesize,38.14,4608.47,2024-04-20
382,Vision-oriented leadingedge definition,L,0.4,4350.61,2025-10-04
383,Triple-buffered tertiary project,XXL,32.9,357.23,2023-01-14
384,Reverse-engineered needs-based support,Freesize,31.7,162.98,2024-03-20
385,Vision-oriented uniform core,Freesize,26.57,1887.21,2022-09-02
386,Enhanced systemic archive,XL,17.11,1856.56,2022-02-18
387,Enhanced user-facing migration,Freesize,16.29,4707.62,2021-10-18
388,Balanced interactive focus group,XXL,4.34,272.52,2023-12-25
389,De-engineered cohesive paradigm,M,37.75,258.31,2025-06-06
390,Adaptive full-range Local Area Network,S,13.68,3313.07,2024-09-30
391,Distributed 6thgeneration collaboration,XL,30.39,2076.78,2025-11-04
392,Right-sized actuating time-frame,M,37.77,577.95,2025-11-11
393,Seamless stable framework,XL,5.63,3394.31,2023-08-27
394,Re-engineered neutral help-desk,XXL,24.38,3338.99,2021-07-25
395,Triple-buffered foreground moderator,S,11.1,4922.38,2022-04-19
396,Enterprise-wide multi-state architecture,S,0.48,1514.08,2025-02-17
397,Diverse intangible moratorium,M,38.39,3823.16,2023-11-20
398,Cross-group grid-enabled definition,L,16.47,48.57,2025-08-13
399,Switchable full-range groupware,Freesize,21.59,654.64,2023-01-02
400,Extended web-enabled process improvement,XXL,35.21,2506.31,2023-11-08
401,Realigned web-enabled projection,Freesize,40.33,369.66,2021-03-30
402,Synchronized grid-enabled knowledge user,Freesize,2.21,103.52,2022-05-27
403,Stand-alone reciprocal process improvement,S,43.12,2883.04,2022-06-02
404,Balanced systemic Graphic Interface,XXL,20.28,3204.31,2023-02-08
405,Customizable human-resource extranet,L,5.85,114.07,2023-11-26
406,Horizontal 4thgeneration model,L,8.68,4738.6,2025-04-23
407,Multi-layered multimedia website,XL,41.62,4599.65,2023-09-29
408,Pre-emptive 6thgeneration frame,S,21.89,538.26,2025-09-10
409,Ergonomic fresh-thinking migration,XL,29.48,2624.57,2021-08-11
410,Cross-platform composite throughput,XL,43.54,3731.57,2023-11-21
411,Adaptive responsive architecture,M,16.72,848.98,2022-04-03
412,Self-enabling zero-defect data-warehouse,XXL,31.7,2657.72,2025-07-11
413,Optimized bi-directional database,M,45.31,1753.38,2023-11-21
414,Total user-facing time-frame,Freesize,47.92,3230.76,2023-05-18
415,Compatible value-added software,M,11.89,740.76,2021-12-19
416,Persevering transitional groupware,M,8.76,772.82,2021-05-22
417,Compatible actuating conglomeration,Freesize,3.86,4756.95,2025-03-04
418,Realigned asynchronous orchestration,Freesize,24.76,3774.68,2025-04-23
419,Fundamental incremental info-mediaries,XXL,22.5,4621.53,2023-06-16
420,Open-architected intermediate functionalities,XXL,32.19,4932.79,2021-04-13
421,Synergistic bottom-line monitoring,L,43.23,3139.81,2021-03-24
422,Up-sized regional architecture,M,22.04,2349.92,2024-12-24
423,Reduced 6thgeneration standardization,Freesize,15.21,1380.62,2025-06-10
424,Multi-channeled motivating benchmark,S,17.66,380.21,2022-08-25
425,Synergized exuding portal,XL,22.65,293.88,2021-08-19
426,Virtual leadingedge implementation,L,3.93,4322.61,2023-03-05
427,Switchable 4thgeneration leverage,S,30.79,2540.27,2021-12-24
428,Face-to-face client-driven synergy,XL,29.06,4771.62,2023-02-26
429,Quality-focused explicit productivity,Freesize,44.8,2254.17,2021-12-02
430,Synergistic upward-trending project,XXL,32.63,1614.42,2023-01-24
431,Advanced neutral open architecture,XL,25.12,4789.03,2021-11-27
432,Balanced 24hour orchestration,XL,5.26,4496.64,2024-03-08
433,Public-key neutral artificial intelligence,L,49.12,430.8,2022-09-21
434,User-friendly user-facing success,Freesize,8.71,1246.24,2022-12-02
435,Open-source secondary migration,XL,49.55,2625.1,2021-11-29
436,Enterprise-wide directional pricing structure,XXL,8.02,1870.53,2025-05-17
437,Ergonomic bifurcated contingency,L,19.43,3874.58,2024-07-21
438,Re-contextualized actuating system engine,Freesize,29.93,3948.24,2025-11-11
439,Reactive maximized project,Freesize,16.8,1655.16,2023-12-13
440,Implemented static architecture,XXL,33.95,1427.89,2022-06-15
441,Exclusive uniform paradigm,Freesize,42.59,4822.41,2023-08-21
442,Managed heuristic capacity,XXL,43.68,1673.48,2024-07-22
443,Front-line bandwidth-monitored forecast,XXL,33.21,4584.56,2024-04-18
444,Ergonomic foreground matrix,L,48.39,3495.42,2023-06-15
445,Seamless stable function,XL,6.53,3547.08,2024-08-31
446,Distributed non-volatile open system,S,15.55,1889.63,2023-01-08
447,Intuitive interactive concept,L,40.68,3353.88,2021-03-22
448,Fully-configurable zero tolerance definition,Freesize,49.86,4563.12,2024-10-05
449,Stand-alone intermediate focus group,S,32.34,2122.8,2025-05-26
450,Devolved systematic superstructure,L,1.01,1551.24,2022-11-09
451,Polarized maximized knowledge user,M,17.15,3833.12,2022-12-29
452,Integrated mobile neural-net,M,11.4,696.45,2021-09-28
453,Stand-alone real-time artificial intelligence,S,14.86,3942.72,2025-05-29
454,Devolved national customer loyalty,XXL,38.57,4177.25,2022-07-07
455,Self-enabling asynchronous superstructure,XXL,1.98,1690.45,2021-07-29
456,Ameliorated motivating product,XXL,6.64,1889.83,2021-05-09
457,Reduced optimal initiative,M,9.12,3467.3,2025-01-17
458,Extended 5thgeneration neural-net,XXL,40.47,836.04,2022-07-03
459,Quality-focused methodical projection,XL,2.28,1827.85,2025-01-28
460,Multi-lateral hybrid definition,Freesize,11.95,2226.55,2025-08-28
461,Reverse-engineered upward-trending frame,L,37.64,3921.16,2021-11-13
462,Profit-focused multimedia array,M,26.75,1554.24,2023-03-08
463,Profit-focused 24/7 protocol,XL,45.21,978.14,2022-05-24
464,Seamless systemic concept,Freesize,47.36,4922.35,2024-12-26
465,Devolved local complexity,XL,38.49,3892.84,2022-02-04
466,Re-contextualized stable circuit,XXL,26.42,4831.68,2024-11-17
467,Polarized heuristic analyzer,M,40.08,700.61,2022-04-17
468,Pre-emptive discrete architecture,L,2.7,2408.15,2022-07-09
469,Focused 6thgeneration secured line,L,27.77,521.92,2022-03-26
470,Multi-lateral human-resource leverage,XXL,42.57,1432.46,2025-10-16
471,Balanced 6thgeneration projection,M,13.71,4527.48,2022-10-27
472,Triple-buffered multi-state productivity,M,41.57,467.65,2025-05-07
473,User-centric empowering paradigm,M,40.85,4424.3,2023-12-03
474,Enhanced homogeneous projection,S,20.8,1988.31,2023-02-03
475,Reverse-engineered solution-oriented archive,L,11.87,4972.68,2023-10-13
476,Multi-tiered directional model,L,11.3,1600.24,2023-03-25
477,Monitored mobile utilization,S,41.97,3253.3,2023-08-11
478,Robust 24hour middleware,M,6.97,1441.53,2025-08-11
479,Organic composite emulation,XL,34.83,702.58,2021-08-01
480,Stand-alone even-keeled data-warehouse,Freesize,23.51,3080.59,2021-12-13
481,Diverse high-level portal,S,1.05,1086.12,2024-10-14
482,Decentralized stable emulation,M,27.49,3638.9,2023-04-10
483,Managed uniform budgetary management,XXL,21.22,3883.1,2023-08-10
484,Polarized mission-critical database,M,15.13,248.27,2024-02-26
485,Stand-alone incremental adapter,XL,31.98,3117.82,2022-06-02
486,De-engineered object-oriented parallelism,S,5.63,4526.68,2022-01-02
487,Self-enabling multimedia analyzer,XXL,26.85,3163.46,2025-08-27
488,Digitized analyzing concept,XXL,12.17,726.45,2022-06-28
489,Enterprise-wide multi-state initiative,XL,0.18,1770.55,2024-03-13
490,Re-contextualized scalable adapter,XXL,20.89,3325.21,2025-08-05
491,Upgradable stable forecast,S,26.22,1809.41,2025-12-08
492,Extended local portal,XXL,27.25,3934.2,2026-03-01
493,Polarized composite definition,XXL,27.75,1958.36,2025-05-09
494,Right-sized client-server utilization,XL,2.27,1940.54,2024-02-11
495,Visionary contextually-based process improvement,L,12.76,91.05,2024-07-01
496,Fundamental composite success,S,17.31,3667.38,2024-08-17
497,Persevering radical parallelism,Freesize,5.27,2913.7,2021-07-17
498,Multi-tiered human-resource capacity,L,6.76,1767.97,2021-09-28
499,Exclusive multi-state middleware,L,40.69,883.69,2024-08-15
500,Distributed real-time attitude,Freesize,23.28,3479.99,2022-02-01
501,Seamless radical alliance,Freesize,9.2,682.91,2025-08-03
502,Public-key motivating system engine,Freesize,38.83,2293.82,2021-10-14
503,Polarized stable capacity,L,10.16,3957.63,2025-09-16
504,Quality-focused 24hour time-frame,S,15.85,1557.28,2024-08-04
505,Optional multi-state instruction set,XL,49.46,2719.72,2023-01-19
506,Balanced tangible moderator,L,1.93,3238.03,2023-05-06
507,Polarized zero administration implementation,L,17.91,3906.4,2022-12-14
508,User-centric well-modulated standardization,Freesize,16.66,631.13,2024-01-30
509,Optimized client-driven extranet,L,21.9,2006.11,2023-08-02
510,Focused attitude-oriented forecast,XL,44.74,1939.36,2024-03-11
511,Quality-focused incremental extranet,M,24.86,2492.64,2022-02-22
512,Triple-buffered value-added utilization,XXL,13.41,422.23,2021-03-26
513,Programmable bottom-line model,XL,4.04,3016.24,2021-03-27
514,Streamlined demand-driven solution,M,27.32,1612.85,2025-03-22
515,Open-source high-level benchmark,S,16.46,1485.24,2021-12-21
516,Streamlined optimal extranet,XL,30.17,2136.32,2022-07-04
517,Public-key interactive open system,Freesize,22.25,2241.18,2023-01-11
518,Grass-roots systemic infrastructure,Freesize,43.51,1769.27,2024-12-22
519,Open-source neutral toolset,XL,13.8,4900.34,2023-12-27
520,Enhanced holistic open architecture,S,3.84,3191.19,2023-12-22
521,Function-based fault-tolerant orchestration,L,25.7,3751.99,2022-12-03
522,Triple-buffered hybrid support,M,47.64,722.47,2021-11-21
523,Switchable bottom-line synergy,XXL,33.94,2196.48,2022-05-07
524,Total cohesive attitude,M,3.45,3894.79,2022-04-09
525,Open-architected zero tolerance Graphical User Interface,L,18.17,4747.84,2025-03-16
526,Seamless tangible software,S,30.29,3398.52,2024-09-25
527,Diverse human-resource productivity,L,18.66,3817.79,2021-03-23
528,Cross-group client-server leverage,XXL,6.97,1841.08,2025-10-30
529,Optional background architecture,L,32.51,1255.56,2022-07-07
530,Multi-layered attitude-oriented portal,S,1.39,938.38,2021-05-21
531,Networked impactful pricing structure,XXL,19.41,2812.75,2024-06-24
532,Horizontal transitional policy,L,38.77,3523.15,2021-06-26
533,Vision-oriented context-sensitive productivity,M,49.82,1435.03,2023-09-03
534,Advanced dedicated protocol,XL,10.09,687.28,2025-11-08
535,Programmable executive core,S,22.66,4494.41,2021-05-14
536,Right-sized multimedia model,XL,49.86,4054.46,2024-09-10
537,Seamless composite service-desk,L,33.43,3550.61,2021-05-18
538,Front-line solution-oriented ability,XXL,27.15,4457.75,2026-01-29
539,Cross-group even-keeled time-frame,M,35.62,4637.35,2023-03-13
540,Synchronized hybrid initiative,Freesize,8.79,1813.85,2024-02-17
541,Programmable 24/7 support,M,6.16,1012.89,2024-09-19
542,Cross-group neutral forecast,M,11.91,2475.17,2024-10-30
543,Realigned optimal hardware,L,27.75,1850.87,2022-12-08
544,Grass-roots directional portal,XXL,6.58,4422.39,2026-01-06
545,Persevering impactful orchestration,S,15.53,4997.98,2021-03-22
546,Enhanced incremental middleware,Freesize,23.99,2059.87,2021-09-24
547,Compatible motivating frame,XL,41.18,378.02,2022-11-25
548,Customizable multimedia extranet,L,32.15,2255.37,2025-07-31
549,Re-engineered eco-centric solution,Freesize,25.92,650.39,2023-05-31
550,Multi-tiered non-volatile matrices,XXL,32.03,918.0,2025-01-18
551,Versatile global time-frame,M,21.69,4554.45,2023-06-30
552,Persevering optimizing algorithm,S,41.59,2595.33,2023-08-11
553,Fundamental asymmetric implementation,L,8.32,1620.08,2024-05-14
554,Face-to-face systematic standardization,Freesize,11.35,4737.94,2022-05-08
555,Intuitive incremental help-desk,XXL,44.76,4231.21,2023-10-13
556,Advanced tangible firmware,L,9.9,4782.19,2022-06-10
557,Cross-group impactful service-desk,L,6.35,1521.09,2024-12-11
558,Mandatory asynchronous neural-net,XXL,4.76,3208.53,2025-11-09
559,Phased foreground help-desk,XXL,47.09,779.43,2022-04-17
560,Re-engineered encompassing contingency,Freesize,31.26,4510.98,2025-12-08
561,Synergized content-based methodology,L,42.14,2822.45,2024-11-19
562,Front-line user-facing encoding,S,4.15,4743.25,2025-07-25
563,Expanded discrete customer loyalty,XXL,13.31,1061.93,2025-05-17
564,Secured heuristic collaboration,XXL,20.89,3198.57,2025-02-04
565,Decentralized attitude-oriented service-desk,XL,44.46,2732.43,2025-12-24
566,Proactive reciprocal ability,Freesize,47.84,2419.89,2025-01-08
567,Quality-focused 6thgeneration matrices,Freesize,20.36,2273.19,2023-01-21
568,Intuitive modular orchestration,Freesize,3.09,2203.63,2025-07-18
569,Pre-emptive contextually-based task-force,XL,23.28,1707.56,2025-10-12
570,Grass-roots hybrid definition,M,15.7,3594.63,2024-12-13
571,De-engineered actuating moderator,Freesize,49.4,1733.4,2025-03-13
572,Polarized needs-based alliance,XL,6.63,1859.0,2023-09-18
573,Object-based systemic time-frame,XXL,5.4,1216.27,2022-01-27
574,Decentralized tangible model,S,13.45,1247.12,2023-07-02
575,Team-oriented 24/7 access,S,2.63,4727.47,2024-07-27
576,Multi-tiered optimal attitude,XXL,20.96,4813.8,2022-10-29
577,Seamless empowering contingency,M,40.69,4669.42,2023-12-11
578,Front-line encompassing leverage,Freesize,15.7,3817.98,2025-12-29
579,Mandatory high-level contingency,XL,49.8,2339.41,2023-09-11
580,Expanded intangible standardization,L,24.92,459.34,2024-12-17
581,Multi-lateral impactful focus group,XL,25.32,4833.77,2023-06-15
582,Re-engineered clear-thinking orchestration,M,29.21,252.8,2024-08-18
583,Cross-platform uniform flexibility,L,24.8,4412.87,2025-03-22
584,Realigned intermediate implementation,Freesize,33.66,1435.88,2022-03-07
585,User-centric coherent leverage,S,42.37,2160.33,2025-03-24
586,Enhanced intangible methodology,L,36.4,3821.65,2021-11-14
587,Self-enabling multi-state monitoring,L,2.36,265.28,2024-10-20
588,Pre-emptive exuding extranet,XXL,9.81,2770.58,2024-01-05
589,Re-contextualized actuating infrastructure,S,19.38,2257.27,2021-09-10
590,Diverse analyzing data-warehouse,XXL,14.06,4945.56,2025-04-08
591,Phased responsive attitude,Freesize,30.59,652.03,2023-06-13
592,Managed empowering hierarchy,S,19.76,3976.54,2023-01-01
593,Realigned eco-centric hardware,L,27.94,1834.38,2021-04-19
594,Decentralized grid-enabled service-desk,M,10.03,2550.52,2026-01-06
595,Exclusive object-oriented orchestration,XXL,2.11,204.18,2024-06-13
596,Public-key context-sensitive time-frame,Freesize,16.72,2373.98,2022-08-15
597,Inverse systematic migration,XL,7.53,4466.73,2023-08-21
598,User-centric local artificial intelligence,M,16.47,3069.21,2023-02-08
599,Horizontal maximized product,M,19.71,3086.34,2025-12-25
600,Down-sized scalable workforce,L,29.73,2541.5,2025-11-04
601,Operative responsive pricing structure,XXL,26.66,3546.61,2024-01-22
602,Compatible attitude-oriented complexity,L,23.8,93.02,2022-12-01
603,Intuitive foreground projection,L,33.72,4899.69,2022-08-28
604,Future-proofed real-time project,XXL,15.45,4494.85,2023-03-06
605,Organic zero-defect hierarchy,Freesize,31.5,2988.58,2024-12-09
606,Programmable local installation,L,48.36,3916.69,2022-01-13
607,Ameliorated clear-thinking superstructure,XXL,28.92,3609.79,2022-05-16
608,Function-based value-added standardization,XXL,24.07,2625.92,2024-12-12
609,Expanded composite infrastructure,Freesize,31.02,4207.42,2021-09-18
610,Cloned methodical neural-net,M,41.1,1218.56,2021-06-20
611,Visionary hybrid moderator,XXL,47.42,558.38,2025-01-09
612,Configurable bi-directional firmware,S,22.11,2099.71,2024-04-16
613,Configurable solution-oriented info-mediaries,XL,34.56,2057.78,2022-09-30
614,Fully-configurable user-facing forecast,XXL,46.03,4365.36,2023-06-01
615,De-engineered clear-thinking moderator,Freesize,36.4,3531.82,2025-05-23
616,Assimilated 5thgeneration protocol,XXL,10.45,1632.0,2022-12-25
617,Inverse methodical Local Area Network,Freesize,23.97,1890.36,2026-01-28
618,Quality-focused encompassing neural-net,M,23.04,2670.3,2023-06-04
619,Total needs-based conglomeration,XXL,17.78,3862.23,2024-02-26
620,Persevering responsive synergy,Freesize,34.07,4020.23,2024-05-18
621,Re-contextualized intermediate moderator,L,30.54,969.4,2024-05-25
622,Public-key fault-tolerant hardware,M,14.02,1499.51,2023-08-10
623,Focused background intranet,L,38.58,3527.46,2022-09-27
624,Open-source empowering collaboration,Freesize,35.28,1592.03,2022-09-19
625,Adaptive multi-state task-force,L,28.07,4673.08,2025-06-10
626,Monitored executive leverage,Freesize,13.75,618.15,2023-11-16
627,Team-oriented mobile system engine,Freesize,27.21,4479.84,2023-08-02
628,Advanced zero administration Internet solution,XL,40.94,4773.5,2025-03-10
629,Right-sized discrete utilization,M,14.59,1445.28,2021-03-27
630,Multi-layered content-based installation,Freesize,4.04,4620.81,2025-08-11
631,Optional hybrid encryption,Freesize,12.9,2400.61,2022-01-06
632,User-centric secondary info-mediaries,M,41.41,1362.95,2025-05-05
633,Face-to-face empowering artificial intelligence,XXL,34.84,694.99,2023-04-24
634,Front-line multi-state task-force,XXL,37.07,1204.02,2025-03-14
635,Seamless system-worthy software,S,33.52,2659.9,2022-07-23
636,Streamlined value-added monitoring,Freesize,11.72,509.99,2025-03-30
637,Open-source content-based architecture,L,35.9,511.72,2022-02-10
638,Implemented bifurcated productivity,M,0.36,2756.26,2023-06-23
639,Organized encompassing standardization,M,20.4,4675.81,2024-04-24
640,Ergonomic fresh-thinking adapter,XL,23.92,1005.29,2021-12-16
641,Public-key 3rdgeneration contingency,L,16.13,3233.03,2026-01-23
642,Horizontal encompassing capacity,S,32.65,1168.78,2024-10-10
643,Upgradable 24/7 emulation,Freesize,36.18,4683.98,2021-08-25
644,Advanced modular data-warehouse,M,20.95,4189.65,2022-11-28
645,Integrated zero tolerance website,S,49.86,1991.0,2023-09-10
646,Multi-layered maximized standardization,XL,9.4,3747.53,2025-02-26
647,Managed attitude-oriented system engine,L,43.85,56.24,2025-12-16
648,Centralized encompassing time-frame,XXL,30.18,4642.99,2023-02-28
649,Quality-focused methodical contingency,L,14.3,4945.61,2022-02-28
650,Function-based homogeneous access,XXL,26.26,4447.41,2021-10-22
651,Visionary transitional encryption,M,42.57,2345.42,2023-02-15
652,Organic dynamic support,M,40.46,1660.11,2026-03-05
653,Exclusive logistical support,Freesize,23.0,1293.75,2025-01-20
654,Programmable static database,M,0.8,1692.19,2023-07-25
655,Synergized fault-tolerant Graphic Interface,L,28.43,3788.84,2021-12-28
656,Upgradable 6thgeneration synergy,M,30.59,3197.24,2025-11-20
657,Programmable bottom-line extranet,XL,41.37,2581.25,2023-08-10
658,Innovative dedicated hierarchy,S,20.1,485.97,2025-08-21
659,Synchronized didactic budgetary management,M,23.92,4679.77,2022-05-19
660,Optional fresh-thinking access,S,13.11,1185.25,2022-01-13
661,Grass-roots optimal capability,L,47.71,1516.71,2023-03-07
662,Fully-configurable 24/7 analyzer,Freesize,28.69,1315.15,2024-02-08
663,Team-oriented methodical solution,L,34.67,320.0,2024-03-07
664,Multi-layered zero administration array,S,23.32,806.99,2022-06-11
665,Proactive background software,Freesize,25.18,4476.64,2024-04-17
666,Virtual responsive approach,Freesize,38.52,3454.55,2021-07-01
667,Stand-alone coherent standardization,Freesize,45.81,1482.24,2023-11-18
668,Customer-focused clear-thinking matrix,XXL,11.12,4787.23,2022-05-13
669,Realigned zero tolerance project,XL,7.74,3741.2,2024-12-25
670,Organic upward-trending core,XXL,18.74,3512.68,2021-04-22
671,Multi-tiered heuristic success,XL,37.89,4011.96,2021-11-15
672,Balanced mobile strategy,M,38.12,3404.91,2023-05-22
673,Implemented needs-based standardization,XXL,43.67,418.53,2023-08-26
674,Re-contextualized contextually-based moratorium,XL,26.46,1815.31,2022-12-09
675,Upgradable maximized focus group,XXL,5.7,4145.58,2025-07-16
676,Right-sized neutral complexity,XXL,10.19,2687.93,2021-07-17
677,Distributed local frame,M,16.47,2606.5,2025-04-19
678,Quality-focused high-level knowledgebase,S,34.05,3587.42,2021-03-15
679,Sharable motivating implementation,XL,4.64,2556.77,2024-11-13
680,Ameliorated regional hierarchy,S,22.73,2571.11,2025-01-29
681,Front-line fresh-thinking success,XL,28.24,2798.4,2021-07-07
682,Public-key human-resource core,Freesize,40.37,3619.17,2023-10-27
683,Proactive zero administration neural-net,XL,12.8,25.05,2021-12-20
684,Horizontal fresh-thinking installation,M,28.96,236.0,2024-05-27
685,Customizable bandwidth-monitored model,L,35.05,2710.41,2024-06-29
686,Balanced clear-thinking conglomeration,S,46.74,354.41,2025-07-26
687,Exclusive bi-directional matrix,XL,1.68,2050.25,2022-02-27
688,Automated object-oriented project,M,38.31,4891.88,2025-05-19
689,Switchable mobile moderator,Freesize,48.19,1878.56,2024-04-26
690,Reverse-engineered eco-centric application,XL,22.48,4586.4,2023-01-12
691,Robust transitional archive,XL,18.84,3416.82,2021-04-06
692,Expanded solution-oriented matrix,Freesize,43.74,673.62,2025-11-04
693,Configurable maximized website,L,6.02,4964.31,2024-05-24
694,Multi-lateral next generation synergy,XL,26.49,3642.01,2025-11-22
695,Operative holistic utilization,M,41.76,3783.34,2024-09-28
696,Seamless encompassing moderator,L,23.2,3598.28,2021-05-27
697,Compatible exuding archive,XL,26.64,4118.57,2025-12-03
698,Programmable bandwidth-monitored attitude,M,23.09,784.06,2024-10-28
699,Public-key human-resource core,M,46.88,3627.87,2022-03-01
700,Switchable dynamic open system,S,1.71,3304.39,2024-04-29
701,Enhanced next generation synergy,XXL,38.33,4419.95,2023-12-28
702,User-friendly bi-directional throughput,S,12.11,345.78,2024-05-23
703,Multi-channeled systematic knowledgebase,XXL,1.78,2992.95,2024-09-17
704,Optimized bi-directional concept,Freesize,43.62,1231.22,2025-02-28
705,Reactive impactful middleware,S,20.17,1179.35,2022-11-20
706,Diverse national policy,M,37.74,3882.56,2023-06-01
707,Multi-channeled foreground neural-net,M,25.24,1453.42,2026-02-27
708,Inverse holistic installation,Freesize,28.85,2891.6,2025-01-08
709,Optional uniform Graphic Interface,Freesize,40.94,1192.15,2024-03-29
710,Re-contextualized needs-based data-warehouse,M,49.29,2611.04,2023-01-28
711,Reactive value-added extranet,XL,15.09,314.18,2022-12-31
712,Organized local infrastructure,XXL,44.0,4558.77,2021-03-14
713,Automated executive policy,Freesize,33.97,2783.69,2021-04-12
714,Devolved exuding ability,S,48.62,4708.52,2022-09-13
715,Face-to-face didactic functionalities,Freesize,19.12,2627.07,2021-04-22
716,Team-oriented even-keeled neural-net,Freesize,20.87,754.6,2023-10-04
717,Re-engineered object-oriented collaboration,XL,9.28,2694.26,2021-09-02
718,Persevering heuristic collaboration,M,42.48,1510.67,2021-11-21
719,Multi-lateral optimal encryption,Freesize,7.3,2320.5,2022-05-13
720,Innovative background orchestration,S,28.16,4839.25,2023-03-14
721,Extended upward-trending archive,XXL,26.55,1948.21,2024-10-25
722,Polarized context-sensitive matrix,L,10.25,3237.06,2025-04-30
723,Team-oriented tangible orchestration,XL,42.37,471.4,2025-04-19
724,Cross-platform radical project,Freesize,41.49,267.17,2022-09-13
725,Upgradable object-oriented implementation,XL,33.72,3018.58,2021-08-04
726,Centralized zero administration groupware,S,9.49,3810.87,2022-12-09
727,Optional intangible capability,Freesize,33.61,1092.91,2025-07-20
728,Focused value-added projection,M,43.49,1671.49,2025-06-12
729,Advanced scalable time-frame,S,10.67,958.22,2024-05-12
730,Business-focused fault-tolerant moderator,Freesize,5.95,4997.86,2021-05-28
731,Quality-focused non-volatile collaboration,XL,45.73,3481.18,2022-11-01
732,Total directional collaboration,Freesize,10.31,4576.48,2021-06-14
733,Upgradable hybrid knowledge user,XXL,16.15,1422.47,2024-12-18
734,Re-engineered motivating array,XL,26.73,1802.71,2022-04-23
735,Implemented zero tolerance infrastructure,L,18.05,4415.23,2021-12-09
736,Mandatory attitude-oriented leverage,XL,5.02,4906.78,2024-01-22
737,Business-focused neutral initiative,XL,38.11,1607.96,2022-07-06
738,Open-architected motivating Internet solution,M,18.6,2075.51,2025-01-25
739,De-engineered well-modulated challenge,XXL,43.22,3708.85,2023-08-09
740,Exclusive mobile infrastructure,S,13.11,4674.44,2024-06-17
741,Exclusive next generation pricing structure,XXL,36.03,1483.01,2026-03-09
742,Progressive dynamic encryption,M,16.56,1905.4,2021-07-22
743,Vision-oriented intermediate Graphic Interface,M,25.02,3276.49,2024-08-16
744,Re-engineered background budgetary management,Freesize,16.94,3819.17,2024-07-23
745,Optimized high-level hardware,XL,48.33,3212.06,2022-02-25
746,Monitored radical projection,XL,23.1,3666.53,2021-04-27
747,Integrated composite hardware,L,8.55,3604.36,2024-04-12
748,Organic regional circuit,XL,9.28,4447.93,2023-05-27
749,Focused dedicated software,Freesize,47.87,2624.48,2023-01-25
750,Versatile upward-trending artificial intelligence,S,47.26,3344.4,2021-10-05
751,Business-focused dynamic process improvement,S,20.68,4214.3,2025-11-01
752,Horizontal 24/7 Graphical User Interface,M,3.49,763.64,2024-09-01
753,Customizable fault-tolerant knowledge user,M,25.34,1872.27,2023-07-22
754,Managed demand-driven support,XXL,31.92,4670.18,2023-11-21
755,Expanded needs-based model,XL,33.0,88.5,2024-12-13
756,Reactive mission-critical process improvement,XXL,27.63,69.14,2024-11-06
757,Digitized system-worthy standardization,XXL,36.14,2683.33,2024-07-16
758,Multi-tiered optimal protocol,L,0.96,4067.65,2023-11-01
759,Function-based composite approach,Freesize,21.59,4699.16,2022-08-14
760,Total regional flexibility,M,5.44,490.61,2021-06-18
761,Streamlined 24/7 architecture,M,12.12,3102.71,2023-02-22
762,Future-proofed stable protocol,L,40.78,1343.95,2023-01-01
763,Customer-focused 3rdgeneration frame,XL,4.04,4796.9,2025-07-15
764,Streamlined human-resource emulation,XL,28.29,4951.26,2026-02-06
765,Profound tertiary attitude,M,15.07,4142.03,2025-09-20
766,Pre-emptive radical monitoring,S,32.72,4292.51,2021-08-21
767,Exclusive motivating knowledgebase,S,4.77,1902.53,2024-01-02
768,Universal 3rdgeneration analyzer,XXL,23.85,3187.37,2022-06-08
769,Progressive fault-tolerant groupware,Freesize,8.65,2504.29,2023-08-26
770,User-friendly cohesive adapter,XL,32.28,1663.04,2022-12-07
771,Multi-channeled heuristic product,S,44.75,4596.57,2022-09-17
772,Profit-focused even-keeled workforce,M,10.65,4341.9,2021-07-05
773,Function-based human-resource algorithm,XXL,23.83,242.34,2025-12-02
774,Grass-roots directional collaboration,S,34.25,1409.06,2022-11-28
775,Object-based stable challenge,XXL,28.22,174.18,2021-08-21
776,Multi-tiered multi-state service-desk,L,0.88,1043.72,2024-04-05
777,Self-enabling systemic emulation,M,37.64,3566.43,2023-04-15
778,Re-engineered coherent interface,XL,46.45,1503.39,2026-01-20
779,Robust full-range knowledge user,XXL,12.1,4174.91,2023-11-29
780,Expanded solution-oriented challenge,XL,33.88,2707.41,2024-02-08
781,Synergized dedicated challenge,XL,37.8,708.35,2022-09-29
782,Triple-buffered multi-tasking challenge,Freesize,36.24,2508.96,2023-05-08
783,Visionary client-server projection,L,2.78,2191.07,2025-11-12
784,Diverse foreground architecture,S,17.1,3847.34,2023-12-27
785,Up-sized bottom-line contingency,XXL,19.9,3870.04,2022-10-15
786,Digitized upward-trending algorithm,S,31.74,3919.91,2025-01-10
787,Open-source incremental framework,XL,24.58,1785.5,2023-06-01
788,Sharable user-facing focus group,XL,21.65,3401.68,2021-12-16
789,Ergonomic bi-directional capacity,Freesize,19.07,3863.12,2022-02-14
790,Virtual reciprocal pricing structure,L,39.92,3568.41,2022-07-14
791,Re-contextualized reciprocal emulation,S,13.47,1906.2,2024-03-07
792,Focused systemic algorithm,Freesize,7.8,1954.21,2022-12-30
793,Team-oriented zero-defect matrices,L,5.42,35.92,2021-11-13
794,Robust methodical structure,L,22.29,3809.12,2024-06-12
795,Enterprise-wide human-resource matrix,S,6.71,945.08,2023-07-27
796,Diverse content-based definition,XL,27.89,2567.08,2021-05-11
797,Virtual 24/7 flexibility,S,1.41,1776.03,2025-12-14
798,Face-to-face value-added secured line,S,29.89,3924.35,2026-02-21
799,Versatile demand-driven architecture,XL,0.72,2074.91,2022-01-31
800,Organic reciprocal matrix,S,36.27,2802.09,2024-08-21
801,Persevering dynamic interface,M,28.64,856.22,2023-03-23
802,Balanced real-time support,XL,8.56,1351.91,2025-04-28
803,Up-sized foreground infrastructure,L,24.71,325.7,2024-04-04
804,User-friendly object-oriented policy,XL,13.87,1505.76,2023-11-18
805,Stand-alone tertiary toolset,S,18.12,4721.67,2021-05-23
806,Customer-focused local knowledgebase,Freesize,31.29,2973.09,2025-05-02
807,Balanced dynamic model,M,22.95,686.09,2023-11-21
808,User-centric 6thgeneration open architecture,S,47.45,1667.76,2023-02-19
809,Virtual responsive application,XXL,19.06,4312.37,2022-02-23
810,Organic hybrid framework,XL,16.8,4079.22,2025-01-25
811,Horizontal maximized concept,Freesize,48.71,689.26,2023-04-24
812,Seamless actuating solution,L,30.2,3479.51,2023-10-14
813,Digitized maximized project,XL,15.78,4823.23,2023-06-17
814,Up-sized motivating budgetary management,L,14.64,3477.84,2022-02-05
815,Reduced tangible moratorium,XL,48.39,3912.05,2021-11-16
816,Open-source fresh-thinking knowledge user,L,18.87,4084.31,2021-04-28
817,Persevering optimizing structure,XL,18.31,4661.02,2025-09-05
818,Persevering background extranet,M,29.65,2732.69,2022-10-27
819,Streamlined transitional utilization,Freesize,38.4,144.31,2022-01-07
820,Upgradable bottom-line array,Freesize,23.13,3544.75,2021-10-08
821,Organized scalable hierarchy,XL,39.9,4158.1,2021-08-16
822,Triple-buffered human-resource superstructure,S,40.97,3980.33,2025-02-26
823,Profound reciprocal complexity,XL,33.68,704.5,2023-02-03
824,Multi-tiered 6thgeneration throughput,L,12.18,3296.73,2022-01-20
825,Managed non-volatile protocol,Freesize,21.21,1891.18,2025-07-07
826,Diverse client-server conglomeration,XL,49.54,2401.38,2025-01-17
827,Business-focused intangible function,XL,26.76,4618.24,2022-09-30
828,Visionary local forecast,Freesize,20.97,193.46,2024-05-01
829,Decentralized clear-thinking customer loyalty,L,35.11,4063.36,2021-03-20
830,Virtual eco-centric access,XXL,31.95,434.06,2023-06-29
831,Proactive needs-based workforce,M,32.91,1781.49,2021-03-24
832,Proactive disintermediate data-warehouse,Freesize,30.67,2820.47,2024-02-22
833,Phased logistical installation,Freesize,33.91,2004.09,2023-05-30
834,Right-sized radical ability,L,48.29,2157.97,2022-06-04
835,Reactive even-keeled process improvement,S,5.02,1117.79,2024-05-05
836,Expanded actuating contingency,Freesize,25.99,2906.79,2021-12-09
837,Streamlined grid-enabled alliance,XXL,11.13,1876.86,2021-12-04
838,Automated static orchestration,XL,38.64,2947.06,2025-05-23
839,Innovative full-range array,XXL,7.62,4988.54,2021-06-11
840,Operative context-sensitive complexity,XL,5.32,2085.72,2024-07-23
841,Seamless stable solution,S,5.89,4703.97,2024-09-12
842,Re-engineered zero tolerance open architecture,M,17.48,1721.9,2022-02-01
843,Persevering value-added paradigm,M,26.1,1748.02,2023-01-01
844,Automated background throughput,S,21.96,3486.85,2022-09-11
845,Multi-layered homogeneous architecture,L,3.45,232.97,2024-12-28
846,Reactive asymmetric frame,Freesize,5.84,4247.41,2023-07-22
847,Decentralized system-worthy focus group,Freesize,5.56,4002.25,2022-11-05
848,Open-source multi-tasking database,Freesize,12.27,880.52,2024-09-05
849,Seamless analyzing benchmark,M,16.62,2137.58,2024-01-21
850,Self-enabling multi-tasking array,XL,11.67,2031.19,2023-08-14
851,Team-oriented real-time toolset,M,9.4,3289.97,2026-02-17
852,Horizontal interactive portal,XL,1.56,3074.39,2025-06-09
853,Fundamental multi-tasking orchestration,M,22.53,2153.47,2026-03-05
854,Multi-channeled clear-thinking pricing structure,S,35.27,1036.86,2024-01-05
855,Programmable upward-trending product,Freesize,40.46,322.19,2023-09-09
856,Enterprise-wide reciprocal emulation,S,40.0,2689.08,2024-09-28
857,Ergonomic 24hour capability,L,16.37,2293.18,2021-04-26
858,Self-enabling bottom-line support,L,33.57,2452.53,2025-06-10
859,Seamless intangible installation,Freesize,15.74,1949.31,2021-06-05
860,Monitored next generation workforce,XL,29.39,1746.14,2024-05-21
861,Advanced scalable customer loyalty,XL,30.91,4070.55,2024-08-25
862,Function-based asymmetric function,Freesize,40.05,4594.23,2022-09-13
863,Reactive fresh-thinking throughput,XXL,4.33,678.4,2021-03-25
864,Synergized full-range Graphical User Interface,S,12.0,593.58,2023-03-07
865,Re-contextualized reciprocal algorithm,L,34.7,2559.02,2025-05-12
866,Ergonomic full-range Graphical User Interface,XL,29.86,2878.28,2025-10-24
867,Polarized methodical website,XL,9.37,3181.15,2021-05-17
868,Devolved mission-critical collaboration,Freesize,45.97,4654.17,2024-05-02
869,Public-key full-range Local Area Network,M,27.79,2453.31,2025-02-13
870,Open-source value-added approach,M,9.44,4211.51,2025-05-17
871,Innovative non-volatile success,XXL,2.78,1801.61,2024-08-04
872,Realigned national adapter,S,24.28,983.69,2022-03-29
873,Synergized full-range website,XL,48.2,2532.14,2025-10-12
874,Multi-channeled asymmetric collaboration,XL,20.52,2463.71,2022-08-08
875,Assimilated global implementation,Freesize,42.01,2448.61,2024-05-01
876,Down-sized object-oriented portal,S,28.31,3981.45,2023-02-23
877,Right-sized bifurcated toolset,M,14.68,1381.52,2024-12-16
878,Triple-buffered foreground strategy,XXL,14.5,3905.89,2021-05-10
879,Open-source background methodology,XXL,37.15,3831.94,2025-08-02
880,Multi-layered local framework,XXL,25.59,2867.84,2022-04-12
881,Innovative context-sensitive budgetary management,L,38.78,4118.18,2023-01-26
882,Automated zero-defect customer loyalty,L,27.15,3786.36,2025-10-07
883,Organic motivating algorithm,Freesize,22.12,1100.52,2025-03-12
884,Profit-focused coherent core,XL,5.21,4152.05,2022-11-25
885,Polarized upward-trending moderator,M,14.96,4996.57,2022-10-02
886,Inverse client-server throughput,XL,13.21,4312.38,2025-07-23
887,Programmable systematic capacity,S,22.01,4969.85,2022-03-23
888,Automated logistical info-mediaries,M,10.57,3690.69,2024-10-07
889,Programmable bifurcated ability,Freesize,17.6,3556.66,2022-10-03
890,Balanced systemic policy,Freesize,21.47,3084.59,2025-07-23
891,Managed maximized analyzer,M,40.7,4029.15,2021-09-18
892,Visionary stable synergy,XXL,17.61,1412.61,2022-10-05
893,Re-engineered well-modulated function,XXL,8.5,4895.21,2024-05-24
894,Expanded fresh-thinking customer loyalty,L,14.54,1344.04,2022-02-28
895,Grass-roots national functionalities,XXL,49.28,3399.7,2025-01-23
896,Synchronized bottom-line flexibility,S,6.87,3752.97,2021-12-11
897,Grass-roots bifurcated access,XL,45.95,4962.51,2025-12-28
898,Realigned multimedia benchmark,Freesize,6.43,4331.73,2022-03-26
899,Monitored neutral functionalities,M,7.4,1617.26,2022-07-22
900,Triple-buffered executive orchestration,M,38.1,3384.41,2022-06-04
901,Compatible fault-tolerant pricing structure,XL,7.19,3165.69,2025-08-30
902,Quality-focused leadingedge application,Freesize,20.77,2265.44,2021-11-06
903,Phased systematic application,Freesize,39.75,3846.73,2021-09-23
904,Business-focused background interface,XL,25.83,1398.35,2023-02-28
905,Triple-buffered radical parallelism,L,22.79,2445.34,2024-05-07
906,Team-oriented tangible knowledge user,XXL,0.22,3872.94,2024-04-13
907,Integrated full-range customer loyalty,Freesize,4.75,4861.03,2024-10-06
908,Synchronized national artificial intelligence,Freesize,33.24,1797.53,2026-01-25
909,Versatile well-modulated Local Area Network,S,39.8,1994.6,2024-01-15
910,Cross-group tangible Local Area Network,XL,41.26,2478.63,2021-09-07
911,Integrated systemic project,L,41.43,1695.4,2024-10-01
912,Persistent methodical emulation,XXL,6.62,4263.59,2025-12-08
913,Digitized reciprocal firmware,L,44.72,3813.65,2025-10-06
914,Object-based contextually-based standardization,S,5.07,3921.61,2025-10-14
915,Managed zero tolerance Graphic Interface,XL,0.91,4647.87,2023-06-20
916,Assimilated asymmetric leverage,M,22.12,13.37,2021-10-06
917,Polarized maximized concept,XL,10.2,3446.07,2022-08-11
918,Monitored real-time orchestration,M,44.12,1516.31,2021-11-01
919,Customer-focused impactful structure,L,4.76,1808.57,2025-03-08
920,Inverse next generation projection,S,18.66,4519.96,2021-07-21
921,Innovative national Local Area Network,M,2.68,3131.77,2023-03-16
922,Open-source disintermediate process improvement,Freesize,35.0,1178.38,2022-06-02
923,Diverse mission-critical info-mediaries,Freesize,4.65,484.97,2021-07-12
924,Expanded system-worthy parallelism,M,23.89,672.17,2023-05-10
925,Optional non-volatile toolset,M,26.02,2230.88,2022-11-29
926,Team-oriented disintermediate conglomeration,S,34.81,4087.37,2024-07-06
927,Compatible user-facing structure,XL,34.73,2393.72,2024-01-27
928,Pre-emptive bifurcated parallelism,M,19.22,3656.51,2024-03-07
929,Inverse next generation attitude,S,5.25,1844.13,2025-04-23
930,Enhanced fault-tolerant initiative,L,6.94,3869.57,2021-07-19
931,Customer-focused systemic policy,M,32.11,3388.91,2025-01-21
932,Multi-tiered fresh-thinking methodology,S,26.57,52.29,2024-06-04
933,Centralized background data-warehouse,Freesize,8.29,1762.43,2025-04-14
934,Reduced web-enabled productivity,M,31.44,765.36,2025-04-01
935,Versatile client-server protocol,XL,30.84,2217.5,2021-12-11
936,Public-key explicit info-mediaries,M,4.43,511.32,2024-04-11
937,Organized dedicated database,S,29.52,1926.32,2024-08-10
938,Intuitive exuding open system,XL,15.79,707.75,2025-03-04
939,Synergistic exuding Internet solution,L,32.27,1248.35,2024-10-15
940,Monitored background paradigm,XXL,30.04,3041.89,2021-03-28
941,Profound impactful capacity,Freesize,1.44,4236.88,2025-06-18
942,Centralized holistic neural-net,L,10.35,3038.57,2026-01-15
943,Adaptive tertiary open architecture,M,37.42,1484.75,2025-04-21
944,Multi-channeled bifurcated forecast,S,39.21,3970.95,2025-07-12
945,Front-line intermediate standardization,M,24.79,572.59,2024-02-25
946,Self-enabling foreground structure,XL,31.94,364.35,2023-02-11
947,Multi-tiered intermediate moratorium,S,49.35,4670.28,2022-04-03
948,Enhanced methodical challenge,M,19.4,4196.48,2022-02-20
949,Networked high-level instruction set,XL,18.33,3417.88,2021-12-20
950,Synchronized clear-thinking challenge,XL,47.73,3854.13,2021-04-04
951,Stand-alone 3rdgeneration circuit,S,29.41,78.83,2024-10-21
952,Pre-emptive stable Internet solution,M,2.09,311.74,2026-01-28
953,Devolved attitude-oriented challenge,XL,25.38,3146.57,2024-05-30
954,Operative logistical toolset,XXL,38.38,2123.64,2024-09-04
955,Optimized regional contingency,XL,4.21,2687.46,2023-06-22
956,Optimized neutral knowledge user,XXL,7.72,427.15,2023-02-14
957,Face-to-face contextually-based interface,S,25.61,1023.96,2024-03-22
958,Re-engineered modular superstructure,M,26.87,1959.75,2022-05-20
959,Profit-focused encompassing installation,Freesize,38.18,3252.7,2025-10-31
960,Re-engineered high-level alliance,Freesize,3.4,3496.39,2026-02-03
961,Re-contextualized mission-critical strategy,Freesize,47.68,1200.8,2023-01-16
962,Reduced mission-critical solution,M,4.4,2178.07,2021-08-07
963,Upgradable upward-trending moderator,XL,30.65,284.59,2026-02-12
964,Versatile zero-defect focus group,Freesize,37.11,3705.88,2023-07-11
965,Configurable multi-state pricing structure,S,0.73,694.69,2021-08-22
966,Phased responsive support,S,8.28,4765.55,2024-07-08
967,Synchronized asynchronous software,XXL,25.91,4114.31,2024-05-14
968,Reduced fault-tolerant pricing structure,L,8.43,643.38,2021-06-18
969,Mandatory national time-frame,L,36.67,599.1,2021-04-02
970,Persevering multimedia leverage,S,16.82,2152.33,2024-01-26
971,Managed intangible help-desk,XXL,3.29,3564.49,2026-01-01
972,Implemented explicit concept,XXL,31.41,2485.78,2021-05-17
973,Right-sized value-added framework,XXL,18.07,2503.05,2024-11-01
974,Re-contextualized empowering approach,XXL,8.43,794.98,2024-05-06
975,Reduced composite orchestration,S,44.72,3373.86,2021-06-16
976,Implemented user-facing process improvement,S,11.5,2549.04,2021-05-02
977,Pre-emptive attitude-oriented capacity,S,42.95,71.32,2023-09-23
978,Grass-roots eco-centric capacity,S,23.64,1921.07,2024-04-12
979,Grass-roots eco-centric access,M,9.03,4802.11,2024-11-27
980,Robust context-sensitive parallelism,S,27.69,4570.6,2024-11-23
981,Switchable local hub,Freesize,32.82,1130.33,2025-03-28
982,Fundamental zero tolerance standardization,M,20.87,3604.24,2022-05-19
983,Enterprise-wide multi-tasking alliance,L,41.32,2861.96,2022-11-30
984,Configurable client-server policy,S,25.15,4510.69,2025-11-14
985,Distributed modular system engine,M,11.24,2583.71,2026-03-03
986,Visionary human-resource encoding,S,47.71,353.94,2024-07-03
987,Up-sized scalable concept,XL,43.32,3869.9,2022-04-03
988,Upgradable grid-enabled application,L,16.43,2769.93,2024-05-30
989,Versatile bifurcated application,S,18.51,1465.06,2022-01-14
990,Open-architected methodical framework,L,37.0,1220.49,2023-08-01
991,Versatile national emulation,L,29.63,2471.87,2023-02-05
992,Triple-buffered human-resource leverage,M,36.65,2737.33,2022-07-06
993,Progressive intermediate access,M,7.61,4662.66,2022-08-23
994,Organized homogeneous service-desk,S,11.73,1738.65,2022-10-11
995,Progressive systemic analyzer,Freesize,43.87,4755.44,2021-09-07
996,Public-key scalable help-desk,S,37.97,1887.61,2025-12-24
997,Optional reciprocal projection,Freesize,36.39,528.71,2025-06-29
998,Managed encompassing flexibility,XXL,49.16,2104.88,2025-03-18
999,Function-based solution-oriented paradigm,S,48.63,720.44,2023-02-26
1000,Visionary systematic synergy,L,4.74,4607.16,2022-05-29
